{
  "agent": "random",
  "metrics": {
    "success_rate": 1.0,
    "avg_reward": 3.7402427020999673,
    "MTTR": 6.0,
    "efficiency": 0.3333333333333333,
    "wrong_rate": 0.16666666666666666
  }
}